{"loss": 2.978081226348877, "auc": 0.478899210691452, "prauc": 0.16564002633094788, "logloss": 0.594096302986145, "regularization_loss": 1.7268733978271484, "loss_batch": 2.7699623107910156, "_timestamp": 1681938046.405788, "_runtime": 18.188456058502197, "_step": 2, "epoch": 0, "val_loss": 2.370023488998413, "val_auc": 0.6258885860443115, "val_prauc": 0.27826350927352905, "val_logloss": 0.6431499123573303, "val_regularization_loss": 1.7268733978271484, "val_loss_batch": 2.3702914714813232, "best_val_loss": 2.370023488998413, "best_epoch": 0, "loss-final": 2.370023488998413, "auc-final": 0.6258885860443115, "prauc-final": 0.27826350927352905, "logloss-final": 0.6431499123573303, "regularization_loss-final": 1.7268733978271484, "loss_batch-final": 2.3702914714813232, "_wandb": {"runtime": 17}}