{"loss": 2.978081226348877, "auc": 0.478899210691452, "prauc": 0.16564002633094788, "logloss": 0.594096302986145, "regularization_loss": 1.7268733978271484, "loss_batch": 2.7699623107910156, "_timestamp": 1681937921.227635, "_runtime": 18.11257290840149, "_step": 2, "epoch": 0, "val_loss": 2.370023250579834, "val_auc": 0.6258887052536011, "val_prauc": 0.27826353907585144, "val_logloss": 0.6431497931480408, "val_regularization_loss": 1.7268733978271484, "val_loss_batch": 2.370291233062744, "best_val_loss": 2.370023250579834, "best_epoch": 0, "loss-final": 2.370023250579834, "auc-final": 0.6258887052536011, "prauc-final": 0.27826353907585144, "logloss-final": 0.6431498527526855, "regularization_loss-final": 1.7268733978271484, "loss_batch-final": 2.370291233062744, "_wandb": {"runtime": 17}}